{"cameraMode":{"drawMode":0,"name":"Shaded","section":"Shading Mode"},"sceneLighting":true,"audioPlay":false,"sceneViewState":{"showFog":true,"showMaterialUpdate":false,"showSkybox":true,"showFlares":true,"showImageEffects":true,"showParticleSystems":true},"in2DMode":false,"pivot":{"x":0.7999999523162842,"y":0.2524188458919525,"z":5.098302364349365},"rotation":{"x":-0.02584764175117016,"y":0.20226602256298066,"z":-0.0053544011898338799,"w":-0.979030191898346},"size":18.144920349121095,"orthographic":true}