{"cameraMode":{"drawMode":0,"name":"Shaded","section":"Shading Mode"},"sceneLighting":false,"audioPlay":false,"sceneViewState":{"showFog":true,"showMaterialUpdate":false,"showSkybox":false,"showFlares":true,"showImageEffects":true,"showParticleSystems":true},"in2DMode":false,"pivot":{"x":-11.142578125,"y":25.856201171875,"z":24.046875},"rotation":{"x":0.006798700429499149,"y":0.9634569883346558,"z":-0.024574104696512224,"w":0.26665550470352175},"size":21.941503524780275,"orthographic":true}