{"cameraMode":{"drawMode":0,"name":"Shaded","section":"Shading Mode"},"sceneLighting":false,"audioPlay":false,"sceneViewState":{"showFog":true,"showMaterialUpdate":false,"showSkybox":false,"showFlares":true,"showImageEffects":true,"showParticleSystems":true},"in2DMode":false,"pivot":{"x":3.5762786865234377e-7,"y":1.1696105003356934,"z":-0.13096678256988526},"rotation":{"x":-0.010217905975878239,"y":0.9299891591072083,"z":-0.025957219302654268,"w":-0.3666747212409973},"size":2.1328320503234865,"orthographic":true}