{"cameraMode":{"drawMode":0,"name":"Shaded","section":"Shading Mode"},"sceneLighting":false,"audioPlay":false,"sceneViewState":{"showFog":true,"showMaterialUpdate":false,"showSkybox":false,"showFlares":true,"showImageEffects":true,"showParticleSystems":true},"in2DMode":false,"pivot":{"x":-12.767578125,"y":18.3232421875,"z":11.618927001953125},"rotation":{"x":0.10962378233671189,"y":-0.21415266394615174,"z":0.02421657368540764,"w":0.9703624248504639},"size":28.261938095092775,"orthographic":true}