{"cameraMode":{"drawMode":0,"name":"Shaded","section":"Shading Mode"},"sceneLighting":false,"audioPlay":false,"sceneViewState":{"showFog":true,"showMaterialUpdate":false,"showSkybox":false,"showFlares":true,"showImageEffects":true,"showParticleSystems":true},"in2DMode":false,"pivot":{"x":0.3533308506011963,"y":1.0494990348815919,"z":0.14487385749816895},"rotation":{"x":-0.03972458466887474,"y":0.7403743863105774,"z":0.043717872351408008,"w":0.6696495413780212},"size":3.5869364738464357,"orthographic":true}