{"cameraMode":{"drawMode":0,"name":"Shaded","section":"Shading Mode"},"sceneLighting":false,"audioPlay":false,"sceneViewState":{"showFog":true,"showMaterialUpdate":false,"showSkybox":false,"showFlares":true,"showImageEffects":true,"showParticleSystems":true},"in2DMode":false,"pivot":{"x":0.4093017578125,"y":-0.23468017578125,"z":0.687255859375},"rotation":{"x":0.03948280215263367,"y":0.13448655605316163,"z":-0.005685090087354183,"w":0.9901495575904846},"size":0.871891438961029,"orthographic":true}