{"cameraMode":{"drawMode":0,"name":"Shaded","section":"Shading Mode"},"sceneLighting":false,"audioPlay":false,"sceneViewState":{"showFog":true,"showMaterialUpdate":false,"showSkybox":false,"showFlares":true,"showImageEffects":true,"showParticleSystems":true},"in2DMode":false,"pivot":{"x":-1.29043710231781,"y":1.083962082862854,"z":5.330545425415039},"rotation":{"x":-0.006600972265005112,"y":0.01649891771376133,"z":0.00010767141066025943,"w":0.9998414516448975},"size":0.7243534326553345,"orthographic":true}