{"cameraMode":{"drawMode":0,"name":"Shaded","section":"Shading Mode"},"sceneLighting":false,"audioPlay":false,"sceneViewState":{"showFog":true,"showMaterialUpdate":false,"showSkybox":false,"showFlares":true,"showImageEffects":true,"showParticleSystems":true},"in2DMode":false,"pivot":{"x":-0.1024019718170166,"y":-2.0616979598999025,"z":0.038878440856933597},"rotation":{"x":0.0019437512382864953,"y":0.5396544933319092,"z":-0.0014109164476394654,"w":0.8419266939163208},"size":4.84579610824585,"orthographic":true}