{"cameraMode":{"drawMode":0,"name":"Shaded","section":"Shading Mode"},"sceneLighting":false,"audioPlay":false,"sceneViewState":{"showFog":true,"showMaterialUpdate":false,"showSkybox":false,"showFlares":true,"showImageEffects":true,"showParticleSystems":true},"in2DMode":false,"pivot":{"x":9.600000381469727,"y":1.756730079650879,"z":24.433696746826173},"rotation":{"x":-0.0004514383617788553,"y":0.6591647863388062,"z":0.00039780675433576107,"w":0.7520475387573242},"size":11.69177532196045,"orthographic":true}