{"cameraMode":{"drawMode":0,"name":"Shaded","section":"Shading Mode"},"sceneLighting":false,"audioPlay":false,"sceneViewState":{"showFog":true,"showMaterialUpdate":false,"showSkybox":false,"showFlares":true,"showImageEffects":true,"showParticleSystems":true},"in2DMode":false,"pivot":{"x":221.40164184570313,"y":22.59124755859375,"z":110.17184448242188},"rotation":{"x":-0.1050034686923027,"y":0.37030482292175295,"z":-0.04217841476202011,"w":-0.9220154285430908},"size":121.20053100585938,"orthographic":true}