{"cameraMode":{"drawMode":0,"name":"Shaded","section":"Shading Mode"},"sceneLighting":false,"audioPlay":false,"sceneViewState":{"showFog":true,"showMaterialUpdate":false,"showSkybox":false,"showFlares":true,"showImageEffects":true,"showParticleSystems":true},"in2DMode":false,"pivot":{"x":0.32827335596084597,"y":0.778879702091217,"z":0.14753127098083497},"rotation":{"x":-0.03972458466887474,"y":0.7403743863105774,"z":0.043717872351408008,"w":0.6696495413780212},"size":3.488190174102783,"orthographic":true}