{"cameraMode":{"drawMode":0,"name":"Shaded","section":"Shading Mode"},"sceneLighting":false,"audioPlay":false,"sceneViewState":{"showFog":true,"showMaterialUpdate":false,"showSkybox":false,"showFlares":true,"showImageEffects":true,"showParticleSystems":true},"in2DMode":false,"pivot":{"x":0.0,"y":0.3750000596046448,"z":-4.470348358154297e-8},"rotation":{"x":-0.021892230957746507,"y":-0.022762082517147065,"z":0.000478021043818444,"w":-0.9995553493499756},"size":0.37501007318496706,"orthographic":true}