{"cameraMode":{"drawMode":0,"name":"Shaded","section":"Shading Mode"},"sceneLighting":false,"audioPlay":false,"sceneViewState":{"showFog":true,"showMaterialUpdate":false,"showSkybox":false,"showFlares":true,"showImageEffects":true,"showParticleSystems":true},"in2DMode":false,"pivot":{"x":7.8193359375,"y":-3.27581787109375,"z":-51.216796875},"rotation":{"x":-0.012511134147644043,"y":-0.987118661403656,"z":0.09744341671466828,"w":-0.12656843662261964},"size":11.117769241333008,"orthographic":true}