{"cameraMode":{"drawMode":0,"name":"Shaded","section":"Shading Mode"},"sceneLighting":false,"audioPlay":false,"sceneViewState":{"showFog":true,"showMaterialUpdate":false,"showSkybox":false,"showFlares":true,"showImageEffects":true,"showParticleSystems":true},"in2DMode":false,"pivot":{"x":-13.984962463378907,"y":-5.548919677734375,"z":13.8173828125},"rotation":{"x":0.010500382632017136,"y":-0.0027068424969911577,"z":0.00004646514207706787,"w":0.999975323677063},"size":2.5825631618499758,"orthographic":true}