{"cameraMode":{"drawMode":0,"name":"Shaded","section":"Shading Mode"},"sceneLighting":false,"audioPlay":false,"sceneViewState":{"showFog":true,"showMaterialUpdate":false,"showSkybox":false,"showFlares":true,"showImageEffects":true,"showParticleSystems":true},"in2DMode":false,"pivot":{"x":9.800000190734864,"y":0.8999996185302734,"z":4.0},"rotation":{"x":0.07168059796094895,"y":0.216956228017807,"z":-0.015961987897753717,"w":0.9734485745429993},"size":15.157798767089844,"orthographic":true}