{"cameraMode":{"drawMode":0,"name":"Shaded","section":"Shading Mode"},"sceneLighting":false,"audioPlay":false,"sceneViewState":{"showFog":true,"showMaterialUpdate":false,"showSkybox":false,"showFlares":true,"showImageEffects":true,"showParticleSystems":true},"in2DMode":false,"pivot":{"x":5.019999980926514,"y":6.939502716064453,"z":-9.331502914428711},"rotation":{"x":-0.05786863714456558,"y":-0.0032636167015880348,"z":0.0001970786979654804,"w":-0.9983751177787781},"size":12.666272163391114,"orthographic":true}