{"cameraMode":{"drawMode":0,"name":"Shaded","section":"Shading Mode"},"sceneLighting":false,"audioPlay":false,"sceneViewState":{"showFog":true,"showMaterialUpdate":false,"showSkybox":false,"showFlares":true,"showImageEffects":true,"showParticleSystems":true},"in2DMode":false,"pivot":{"x":1.309814453125,"y":0.047853946685791019,"z":-0.44113922119140627},"rotation":{"x":0.001556701841764152,"y":0.7232835292816162,"z":-0.0018289461731910706,"w":0.6906002163887024},"size":0.8671038150787354,"orthographic":true}