{"cameraMode":{"drawMode":0,"name":"Shaded","section":"Shading Mode"},"sceneLighting":false,"audioPlay":false,"sceneViewState":{"showFog":true,"showMaterialUpdate":false,"showSkybox":false,"showFlares":true,"showImageEffects":true,"showParticleSystems":true},"in2DMode":false,"pivot":{"x":0.02734375,"y":4.106159687042236,"z":1.04827880859375},"rotation":{"x":7.567627591242854e-8,"y":-0.7123919129371643,"z":6.958457277050911e-8,"w":0.7017855644226074},"size":18.862276077270509,"orthographic":true}