{"cameraMode":{"drawMode":0,"name":"Shaded","section":"Shading Mode"},"sceneLighting":false,"audioPlay":false,"sceneViewState":{"showFog":true,"showMaterialUpdate":false,"showSkybox":false,"showFlares":true,"showImageEffects":true,"showParticleSystems":true},"in2DMode":false,"pivot":{"x":6.37387752532959,"y":4.780000686645508,"z":-13.884133338928223},"rotation":{"x":-0.05786863714456558,"y":-0.0032636167015880348,"z":0.0001970786979654804,"w":-0.9983751177787781},"size":9.541504859924317,"orthographic":true}