{"cameraMode":{"drawMode":0,"name":"Shaded","section":"Shading Mode"},"sceneLighting":false,"audioPlay":false,"sceneViewState":{"showFog":true,"showMaterialUpdate":false,"showSkybox":false,"showFlares":true,"showImageEffects":true,"showParticleSystems":true},"in2DMode":false,"pivot":{"x":-7.07916259765625,"y":-14.359130859375,"z":94.15087890625},"rotation":{"x":0.03838383033871651,"y":0.01766177825629711,"z":-0.0007136486237868667,"w":0.9991462230682373},"size":3.7953455448150636,"orthographic":true}