{"cameraMode":{"drawMode":0,"name":"Shaded","section":"Shading Mode"},"sceneLighting":false,"audioPlay":false,"sceneViewState":{"showFog":true,"showMaterialUpdate":false,"showSkybox":false,"showFlares":true,"showImageEffects":true,"showParticleSystems":true},"in2DMode":false,"pivot":{"x":0.4399999976158142,"y":0.8799999952316284,"z":3.1500000953674318},"rotation":{"x":-0.0007798610022291541,"y":0.9968469738960266,"z":-0.0788131058216095,"w":-0.009857653640210629},"size":1.240189552307129,"orthographic":true}