{"cameraMode":{"drawMode":0,"name":"Shaded","section":"Shading Mode"},"sceneLighting":false,"audioPlay":false,"sceneViewState":{"showFog":true,"showMaterialUpdate":false,"showSkybox":false,"showFlares":true,"showImageEffects":true,"showParticleSystems":true},"in2DMode":false,"pivot":{"x":0.160598024725914,"y":0.03254765272140503,"z":0.029490649700164796},"rotation":{"x":-0.05786863714456558,"y":-0.0032636167015880348,"z":0.0001970786979654804,"w":-0.9983751177787781},"size":1.1334688663482667,"orthographic":true}