{"cameraMode":{"drawMode":0,"name":"Shaded","section":"Shading Mode"},"sceneLighting":false,"audioPlay":false,"sceneViewState":{"showFog":true,"showMaterialUpdate":false,"showSkybox":false,"showFlares":true,"showImageEffects":true,"showParticleSystems":true},"in2DMode":false,"pivot":{"x":10.0,"y":4.200000762939453,"z":-13.500000953674317},"rotation":{"x":0.010500382632017136,"y":-0.0027068424969911577,"z":0.00004646514207706787,"w":0.999975323677063},"size":13.138277053833008,"orthographic":true}