{"cameraMode":{"drawMode":0,"name":"Shaded","section":"Shading Mode"},"sceneLighting":false,"audioPlay":false,"sceneViewState":{"showFog":true,"showMaterialUpdate":false,"showSkybox":false,"showFlares":true,"showImageEffects":true,"showParticleSystems":true},"in2DMode":false,"pivot":{"x":8.1552734375,"y":15.53857421875,"z":-11.96647834777832},"rotation":{"x":0.07583257555961609,"y":-0.2957477867603302,"z":0.023598207160830499,"w":0.9519959092140198},"size":7.901345729827881,"orthographic":true}