{"cameraMode":{"drawMode":0,"name":"Shaded","section":"Shading Mode"},"sceneLighting":false,"audioPlay":false,"sceneViewState":{"showFog":true,"showMaterialUpdate":false,"showSkybox":false,"showFlares":true,"showImageEffects":true,"showParticleSystems":true},"in2DMode":false,"pivot":{"x":0.4399999976158142,"y":0.8799999952316284,"z":3.1500000953674318},"rotation":{"x":0.00023863119713496417,"y":0.9997809529304504,"z":-0.014395777136087418,"w":0.015609619207680226},"size":1.240189552307129,"orthographic":true}