{"cameraMode":{"drawMode":0,"name":"Shaded","section":"Shading Mode"},"sceneLighting":false,"audioPlay":false,"sceneViewState":{"showFog":true,"showMaterialUpdate":false,"showSkybox":false,"showFlares":true,"showImageEffects":true,"showParticleSystems":true},"in2DMode":false,"pivot":{"x":2.598989963531494,"y":-12.117626190185547,"z":28.783859252929689},"rotation":{"x":-0.02189728245139122,"y":-0.004767025355249643,"z":0.00009093042172025889,"w":-0.9998029470443726},"size":2.111682415008545,"orthographic":true}