{"cameraMode":{"drawMode":0,"name":"Shaded","section":"Shading Mode"},"sceneLighting":false,"audioPlay":false,"sceneViewState":{"showFog":true,"showMaterialUpdate":false,"showSkybox":false,"showFlares":true,"showImageEffects":true,"showParticleSystems":true},"in2DMode":false,"pivot":{"x":-0.04339933395385742,"y":0.6223922967910767,"z":-0.11179423332214356},"rotation":{"x":0.001556701841764152,"y":0.7232835292816162,"z":-0.0018289461731910706,"w":0.6906002163887024},"size":3.120586395263672,"orthographic":true}