{"cameraMode":{"drawMode":0,"name":"Shaded","section":"Shading Mode"},"sceneLighting":false,"audioPlay":false,"sceneViewState":{"showFog":true,"showMaterialUpdate":false,"showSkybox":false,"showFlares":true,"showImageEffects":true,"showParticleSystems":true},"in2DMode":false,"pivot":{"x":34.955322265625,"y":0.9775214791297913,"z":49.18695068359375},"rotation":{"x":-0.02584764175117016,"y":0.20226602256298066,"z":-0.0053544011898338799,"w":-0.979030191898346},"size":488.13787841796877,"orthographic":true}