{"cameraMode":{"drawMode":0,"name":"Shaded","section":"Shading Mode"},"sceneLighting":false,"audioPlay":false,"sceneViewState":{"showFog":true,"showMaterialUpdate":false,"showSkybox":false,"showFlares":true,"showImageEffects":true,"showParticleSystems":true},"in2DMode":false,"pivot":{"x":0.0,"y":2.2899999618530275,"z":2.384185791015625e-7},"rotation":{"x":-0.01813621073961258,"y":-0.5047588348388672,"z":-0.010584437288343907,"w":0.863043487071991},"size":13.317887306213379,"orthographic":true}