{"cameraMode":{"drawMode":0,"name":"Shaded","section":"Shading Mode"},"sceneLighting":false,"audioPlay":false,"sceneViewState":{"showFog":true,"showMaterialUpdate":false,"showSkybox":false,"showFlares":true,"showImageEffects":true,"showParticleSystems":true},"in2DMode":false,"pivot":{"x":0.12857818603515626,"y":-0.02727508544921875,"z":-0.023193359375},"rotation":{"x":-0.021892230957746507,"y":-0.022762082517147065,"z":0.000478021043818444,"w":-0.9995553493499756},"size":0.9137886762619019,"orthographic":true}