{"cameraMode":{"drawMode":0,"name":"Shaded","section":"Shading Mode"},"sceneLighting":false,"audioPlay":false,"sceneViewState":{"showFog":true,"showMaterialUpdate":false,"showSkybox":false,"showFlares":true,"showImageEffects":true,"showParticleSystems":true},"in2DMode":false,"pivot":{"x":0.0,"y":-0.06235092878341675,"z":0.039682626724243167},"rotation":{"x":0.0036020390689373018,"y":-0.012268710881471634,"z":-0.000038378020690288395,"w":-0.9999773502349854},"size":0.8454723954200745,"orthographic":true}