{"cameraMode":{"drawMode":0,"name":"Shaded","section":"Shading Mode"},"sceneLighting":false,"audioPlay":false,"sceneViewState":{"showFog":true,"showMaterialUpdate":false,"showSkybox":false,"showFlares":true,"showImageEffects":true,"showParticleSystems":true},"in2DMode":false,"pivot":{"x":-8.100000381469727,"y":0.19999980926513673,"z":6.690000534057617},"rotation":{"x":-0.041680000722408298,"y":-0.495208203792572,"z":-0.023772528395056726,"w":0.8674867153167725},"size":12.262443542480469,"orthographic":true}