{"cameraMode":{"drawMode":0,"name":"Shaded","section":"Shading Mode"},"sceneLighting":false,"audioPlay":false,"sceneViewState":{"showFog":true,"showMaterialUpdate":false,"showSkybox":false,"showFlares":true,"showImageEffects":true,"showParticleSystems":true},"in2DMode":false,"pivot":{"x":-0.12603670358657838,"y":1.1302895545959473,"z":0.3961822986602783},"rotation":{"x":-0.03972458466887474,"y":0.7403743863105774,"z":0.043717872351408008,"w":0.6696495413780212},"size":3.528214454650879,"orthographic":true}