{"cameraMode":{"drawMode":0,"name":"Shaded","section":"Shading Mode"},"sceneLighting":false,"audioPlay":false,"sceneViewState":{"showFog":true,"showMaterialUpdate":false,"showSkybox":false,"showFlares":true,"showImageEffects":true,"showParticleSystems":true},"in2DMode":false,"pivot":{"x":-9.582786560058594,"y":16.0352783203125,"z":14.234375},"rotation":{"x":0.007356376387178898,"y":-0.19642315804958344,"z":0.0014625729527324439,"w":0.9805262684822083},"size":10.576298713684082,"orthographic":true}