{"cameraMode":{"drawMode":0,"name":"Shaded","section":"Shading Mode"},"sceneLighting":false,"audioPlay":false,"sceneViewState":{"showFog":true,"showMaterialUpdate":false,"showSkybox":false,"showFlares":true,"showImageEffects":true,"showParticleSystems":true},"in2DMode":false,"pivot":{"x":8.71240234375,"y":12.099815368652344,"z":2.80023193359375},"rotation":{"x":-0.008892065845429898,"y":-0.98953777551651,"z":0.06988096237182617,"w":-0.12626837193965913},"size":1.4780538082122803,"orthographic":true}