{"cameraMode":{"drawMode":0,"name":"Shaded","section":"Shading Mode"},"sceneLighting":false,"audioPlay":false,"sceneViewState":{"showFog":true,"showMaterialUpdate":false,"showSkybox":false,"showFlares":true,"showImageEffects":true,"showParticleSystems":true},"in2DMode":false,"pivot":{"x":8.257568359375,"y":-5.1629638671875,"z":3.236328125},"rotation":{"x":0.19404417276382447,"y":0.4016290307044983,"z":-0.08750217407941818,"w":0.8907307386398315},"size":14.383634567260743,"orthographic":true}