{"cameraMode":{"drawMode":0,"name":"Shaded","section":"Shading Mode"},"sceneLighting":false,"audioPlay":false,"sceneViewState":{"showFog":true,"showMaterialUpdate":false,"showSkybox":false,"showFlares":true,"showImageEffects":true,"showParticleSystems":true},"in2DMode":false,"pivot":{"x":10.0640869140625,"y":19.077880859375,"z":88.3134765625},"rotation":{"x":0.0495312437415123,"y":-0.18355141580104829,"z":0.009202923625707627,"w":0.9817628264427185},"size":7.242600917816162,"orthographic":true}