{"cameraMode":{"drawMode":0,"name":"Shaded","section":"Shading Mode"},"sceneLighting":false,"audioPlay":false,"sceneViewState":{"showFog":true,"showMaterialUpdate":false,"showSkybox":false,"showFlares":true,"showImageEffects":true,"showParticleSystems":true},"in2DMode":false,"pivot":{"x":-0.08438587188720703,"y":0.779985785484314,"z":-0.254905104637146},"rotation":{"x":0.001556701841764152,"y":0.7232835292816162,"z":-0.0018289461731910706,"w":0.6906002163887024},"size":2.5984888076782228,"orthographic":true}