{"cameraMode":{"drawMode":0,"name":"Shaded","section":"Shading Mode"},"sceneLighting":false,"audioPlay":false,"sceneViewState":{"showFog":true,"showMaterialUpdate":false,"showSkybox":false,"showFlares":true,"showImageEffects":true,"showParticleSystems":true},"in2DMode":false,"pivot":{"x":-0.01250004768371582,"y":3.724380803760141e-9,"z":-1.4906618162058294e-9},"rotation":{"x":0.03688966855406761,"y":-0.0029979145620018245,"z":0.00011066908336943015,"w":0.9993148446083069},"size":0.012510056607425213,"orthographic":true}