{"cameraMode":{"drawMode":0,"name":"Shaded","section":"Shading Mode"},"sceneLighting":false,"audioPlay":false,"sceneViewState":{"showFog":true,"showMaterialUpdate":false,"showSkybox":false,"showFlares":true,"showImageEffects":true,"showParticleSystems":true},"in2DMode":false,"pivot":{"x":-0.19999998807907105,"y":1.0,"z":-3.725290298461914e-9},"rotation":{"x":-0.005397786386311054,"y":-0.000592513068113476,"z":0.000021410558474599384,"w":-1.0000122785568238},"size":0.3570714294910431,"orthographic":true}