{"cameraMode":{"drawMode":0,"name":"Shaded","section":"Shading Mode"},"sceneLighting":true,"audioPlay":false,"sceneViewState":{"showFog":true,"showMaterialUpdate":false,"showSkybox":true,"showFlares":true,"showImageEffects":true,"showParticleSystems":true},"in2DMode":false,"pivot":{"x":1.4901161193847657e-8,"y":1.4901161193847657e-8,"z":0.0},"rotation":{"x":-0.06744390726089478,"y":0.012275941669940949,"z":-0.0008485824801027775,"w":-0.9976590275764465},"size":8.471150398254395,"orthographic":true}