{"cameraMode":{"drawMode":0,"name":"Shaded","section":"Shading Mode"},"sceneLighting":false,"audioPlay":false,"sceneViewState":{"showFog":true,"showMaterialUpdate":false,"showSkybox":false,"showFlares":true,"showImageEffects":true,"showParticleSystems":true},"in2DMode":false,"pivot":{"x":9.600000381469727,"y":3.8000001907348635,"z":19.973684310913087},"rotation":{"x":0.00899996142834425,"y":0.0006012353114783764,"z":-0.000005663920092047192,"w":0.9999592900276184},"size":11.32968807220459,"orthographic":true}