{"cameraMode":{"drawMode":0,"name":"Shaded","section":"Shading Mode"},"sceneLighting":false,"audioPlay":false,"sceneViewState":{"showFog":true,"showMaterialUpdate":false,"showSkybox":false,"showFlares":true,"showImageEffects":true,"showParticleSystems":true},"in2DMode":false,"pivot":{"x":0.18115472793579102,"y":0.6711140275001526,"z":-0.17365075647830964},"rotation":{"x":-0.021892230957746507,"y":-0.022762082517147065,"z":0.000478021043818444,"w":-0.9995553493499756},"size":1.207271695137024,"orthographic":true}