{"cameraMode":{"drawMode":0,"name":"Shaded","section":"Shading Mode"},"sceneLighting":true,"audioPlay":false,"sceneViewState":{"showFog":true,"showMaterialUpdate":false,"showSkybox":true,"showFlares":true,"showImageEffects":true,"showParticleSystems":true},"in2DMode":false,"pivot":{"x":2.384185791015625e-7,"y":1.035583257675171,"z":-0.054163455963134769},"rotation":{"x":0.0295516699552536,"y":0.17185941338539124,"z":-0.005149335600435734,"w":0.9847050309181213},"size":3.8258986473083498,"orthographic":true}