{"cameraMode":{"drawMode":0,"name":"Shaded","section":"Shading Mode"},"sceneLighting":false,"audioPlay":false,"sceneViewState":{"showFog":true,"showMaterialUpdate":false,"showSkybox":false,"showFlares":true,"showImageEffects":true,"showParticleSystems":true},"in2DMode":false,"pivot":{"x":642.0999755859375,"y":459.6000061035156,"z":501.20001220703127},"rotation":{"x":0.04044681042432785,"y":-0.8041988015174866,"z":0.055091481655836108,"w":0.5904234051704407},"size":14.347857475280762,"orthographic":true}