{"cameraMode":{"drawMode":0,"name":"Shaded","section":"Shading Mode"},"sceneLighting":false,"audioPlay":false,"sceneViewState":{"showFog":true,"showMaterialUpdate":false,"showSkybox":false,"showFlares":true,"showImageEffects":true,"showParticleSystems":true},"in2DMode":false,"pivot":{"x":0.8583984375,"y":-7.070068359375,"z":-4.3046112060546879},"rotation":{"x":-0.0029997574165463449,"y":-0.01171282771974802,"z":-0.00001642821189307142,"w":0.9999616742134094},"size":7.520570755004883,"orthographic":true}