{"cameraMode":{"drawMode":0,"name":"Shaded","section":"Shading Mode"},"sceneLighting":false,"audioPlay":false,"sceneViewState":{"showFog":true,"showMaterialUpdate":false,"showSkybox":true,"showFlares":true,"showImageEffects":true,"showParticleSystems":true},"in2DMode":false,"pivot":{"x":2.9802322387695315e-8,"y":2.9802322387695315e-8,"z":0.0},"rotation":{"x":0.05936267971992493,"y":0.005982193164527416,"z":-0.0006046024500392377,"w":0.9982566237449646},"size":50.000823974609378,"orthographic":true}