{"cameraMode":{"drawMode":0,"name":"Shaded","section":"Shading Mode"},"sceneLighting":false,"audioPlay":false,"sceneViewState":{"showFog":true,"showMaterialUpdate":false,"showSkybox":false,"showFlares":true,"showImageEffects":true,"showParticleSystems":true},"in2DMode":false,"pivot":{"x":1.5918426513671876,"y":36.72792053222656,"z":36.09077453613281},"rotation":{"x":0.12914033234119416,"y":-0.3027944564819336,"z":0.040986523032188418,"w":0.9434299468994141},"size":354.2915344238281,"orthographic":true}