{"cameraMode":{"drawMode":0,"name":"Shaded","section":"Shading Mode"},"sceneLighting":false,"audioPlay":false,"sceneViewState":{"showFog":true,"showMaterialUpdate":false,"showSkybox":false,"showFlares":true,"showImageEffects":true,"showParticleSystems":true},"in2DMode":false,"pivot":{"x":8.86083984375,"y":-8.22314453125,"z":-50.837890625},"rotation":{"x":-0.0007081297808326781,"y":-0.9987804889678955,"z":0.014381011947989464,"w":-0.048004135489463809},"size":8.069491386413575,"orthographic":true}