{"cameraMode":{"drawMode":0,"name":"Shaded","section":"Shading Mode"},"sceneLighting":false,"audioPlay":false,"sceneViewState":{"showFog":true,"showMaterialUpdate":false,"showSkybox":false,"showFlares":true,"showImageEffects":true,"showParticleSystems":true},"in2DMode":false,"pivot":{"x":4.76837158203125e-7,"y":1.2111666202545167,"z":-0.10832691192626953},"rotation":{"x":-0.0042564705945551399,"y":0.9916413426399231,"z":-0.12441311031579972,"w":-0.03392639383673668},"size":2.1609675884246828,"orthographic":false}