{"cameraMode":{"drawMode":0,"name":"Shaded","section":"Shading Mode"},"sceneLighting":false,"audioPlay":false,"sceneViewState":{"showFog":true,"showMaterialUpdate":false,"showSkybox":false,"showFlares":true,"showImageEffects":true,"showParticleSystems":true},"in2DMode":false,"pivot":{"x":0.06833672523498535,"y":0.9653831124305725,"z":0.10852956771850586},"rotation":{"x":0.001556701841764152,"y":0.7232835292816162,"z":-0.0018289461731910706,"w":0.6906002163887024},"size":3.6822152137756349,"orthographic":true}