{"cameraMode":{"drawMode":0,"name":"Shaded","section":"Shading Mode"},"sceneLighting":false,"audioPlay":false,"sceneViewState":{"showFog":true,"showMaterialUpdate":false,"showSkybox":false,"showFlares":true,"showImageEffects":true,"showParticleSystems":true},"in2DMode":false,"pivot":{"x":3.5762786865234377e-7,"y":1.1965458393096924,"z":-0.13147425651550294},"rotation":{"x":-0.0042564705945551399,"y":0.9916413426399231,"z":-0.12441311031579972,"w":-0.03392639383673668},"size":2.1564042568206789,"orthographic":false}