{"cameraMode":{"drawMode":0,"name":"Shaded","section":"Shading Mode"},"sceneLighting":false,"audioPlay":false,"sceneViewState":{"showFog":true,"showMaterialUpdate":false,"showSkybox":false,"showFlares":true,"showImageEffects":true,"showParticleSystems":true},"in2DMode":false,"pivot":{"x":2.384185791015625e-7,"y":1.1837289333343506,"z":-0.13500633835792542},"rotation":{"x":-0.026723293587565423,"y":0.688657820224762,"z":-0.025433460250496866,"w":-0.7242223024368286},"size":2.146371603012085,"orthographic":true}