{"cameraMode":{"drawMode":0,"name":"Shaded","section":"Shading Mode"},"sceneLighting":false,"audioPlay":false,"sceneViewState":{"showFog":true,"showMaterialUpdate":false,"showSkybox":false,"showFlares":true,"showImageEffects":true,"showParticleSystems":true},"in2DMode":false,"pivot":{"x":0.0,"y":1.0400004386901856,"z":1.431999921798706},"rotation":{"x":-0.021892230957746507,"y":-0.022762082517147065,"z":0.000478021043818444,"w":-0.9995553493499756},"size":3.2704999446868898,"orthographic":true}