{"cameraMode":{"drawMode":0,"name":"Shaded","section":"Shading Mode"},"sceneLighting":false,"audioPlay":false,"sceneViewState":{"showFog":true,"showMaterialUpdate":false,"showSkybox":false,"showFlares":true,"showImageEffects":true,"showParticleSystems":true},"in2DMode":false,"pivot":{"x":3.5762786865234377e-7,"y":1.3549282550811768,"z":-0.12893426418304444},"rotation":{"x":-0.026723293587565423,"y":0.688657820224762,"z":-0.025433460250496866,"w":-0.7242223024368286},"size":2.29900860786438,"orthographic":true}