{"cameraMode":{"drawMode":0,"name":"Shaded","section":"Shading Mode"},"sceneLighting":false,"audioPlay":false,"sceneViewState":{"showFog":true,"showMaterialUpdate":false,"showSkybox":false,"showFlares":true,"showImageEffects":true,"showParticleSystems":true},"in2DMode":false,"pivot":{"x":574.1351318359375,"y":411.6000061035156,"z":554.6483764648438},"rotation":{"x":0.04585034027695656,"y":-0.037452030926942828,"z":0.001701432396657765,"w":0.9982534646987915},"size":24.793657302856447,"orthographic":true}