{"cameraMode":{"drawMode":0,"name":"Shaded","section":"Shading Mode"},"sceneLighting":false,"audioPlay":false,"sceneViewState":{"showFog":true,"showMaterialUpdate":false,"showSkybox":false,"showFlares":true,"showImageEffects":true,"showParticleSystems":true},"in2DMode":false,"pivot":{"x":8.257568359375,"y":-5.1629638671875,"z":3.236328125},"rotation":{"x":0.16243046522140504,"y":0.1465328484773636,"z":-0.024407222867012025,"w":0.9754823446273804},"size":14.383634567260743,"orthographic":true}