{"cameraMode":{"drawMode":0,"name":"Shaded","section":"Shading Mode"},"sceneLighting":false,"audioPlay":false,"sceneViewState":{"showFog":true,"showMaterialUpdate":false,"showSkybox":false,"showFlares":true,"showImageEffects":true,"showParticleSystems":true},"in2DMode":false,"pivot":{"x":-0.18699288368225099,"y":0.657829761505127,"z":0.012029647827148438},"rotation":{"x":-0.03972458466887474,"y":0.7403743863105774,"z":0.043717872351408008,"w":0.6696495413780212},"size":4.149542331695557,"orthographic":true}