{"cameraMode":{"drawMode":0,"name":"Shaded","section":"Shading Mode"},"sceneLighting":false,"audioPlay":false,"sceneViewState":{"showFog":true,"showMaterialUpdate":false,"showSkybox":false,"showFlares":true,"showImageEffects":true,"showParticleSystems":true},"in2DMode":false,"pivot":{"x":2.598989963531494,"y":-12.117626190185547,"z":28.783859252929689},"rotation":{"x":0.008100613951683045,"y":0.022231116890907289,"z":0.00016671777120791376,"w":-0.9997740983963013},"size":2.111682415008545,"orthographic":true}