{"cameraMode":{"drawMode":0,"name":"Shaded","section":"Shading Mode"},"sceneLighting":false,"audioPlay":false,"sceneViewState":{"showFog":true,"showMaterialUpdate":false,"showSkybox":true,"showFlares":true,"showImageEffects":true,"showParticleSystems":true},"in2DMode":false,"pivot":{"x":2.384185791015625e-7,"y":0.0,"z":49.94583511352539},"rotation":{"x":-0.44251248240470889,"y":0.000814290891867131,"z":-0.0004013212746940553,"w":-0.8967621922492981},"size":4.388926982879639,"orthographic":true}