{"cameraMode":{"drawMode":0,"name":"Shaded","section":"Shading Mode"},"sceneLighting":false,"audioPlay":false,"sceneViewState":{"showFog":true,"showMaterialUpdate":false,"showSkybox":false,"showFlares":true,"showImageEffects":true,"showParticleSystems":true},"in2DMode":false,"pivot":{"x":9.600000381469727,"y":1.756730079650879,"z":24.433696746826173},"rotation":{"x":-0.03165058791637421,"y":0.4317193031311035,"z":0.01516429428011179,"w":0.9013658761978149},"size":11.69177532196045,"orthographic":true}