{"cameraMode":{"drawMode":0,"name":"Shaded","section":"Shading Mode"},"sceneLighting":false,"audioPlay":false,"sceneViewState":{"showFog":true,"showMaterialUpdate":false,"showSkybox":false,"showFlares":true,"showImageEffects":true,"showParticleSystems":true},"in2DMode":false,"pivot":{"x":0.552381157875061,"y":0.7048730850219727,"z":0.20814669132232667},"rotation":{"x":0.001556701841764152,"y":0.7232835292816162,"z":-0.0018289461731910706,"w":0.6906002163887024},"size":2.656318426132202,"orthographic":true}