{"cameraMode":{"drawMode":0,"name":"Shaded","section":"Shading Mode"},"sceneLighting":false,"audioPlay":false,"sceneViewState":{"showFog":true,"showMaterialUpdate":false,"showSkybox":false,"showFlares":true,"showImageEffects":true,"showParticleSystems":true},"in2DMode":false,"pivot":{"x":7.43408203125,"y":-0.3082275390625,"z":81.03369140625},"rotation":{"x":0.020397303625941278,"y":0.004174710717052221,"z":-0.0001376474683638662,"w":0.9998241662979126},"size":3.723201274871826,"orthographic":true}